queried_structure,name,entry_id,formationenergy_id,duplicate_entry_id,icsd_id,prototype,spacegroup,composition,composition_generic,ntypes,natoms,volume_A3,formation_energy_eV_per_atom,stability_eV_per_atom,band_gap_eV,fit,calculation_label,unit_cell_json,sites_json
NaMnO2,NaMnO2,3382,4067577,3382.0,16270.0,NaNiO2(mS8),C2/m,Mn1 Na1 O2,ABC2,3,4,43.0443,-2.01967775370526,0.002759827499999812,1.292,standard,static,"[[0.0, 2.893509, 0.0], [2.808601, 1.446755, 0.008908], [-0.585578, -1.446755, -5.298496]]","[""Mn @ 0 0 0"", ""Na @ 0.5 0.5 0.5"", ""O @ 0.71 0.788 0.208"", ""O @ 0.29 0.212 0.792""]"
NaMnO2,NaMnO2,3216,4080873,3216.0,15769.0,LiMnO2,Pmmn,Mn1 Na1 O2,ABC2,3,8,86.581,-2.01674395620526,0.0056936250000001465,1.243,standard,static,"[[2.885388, 0.0, 0.0], [0.0, 6.323665, 0.0], [0.0, 0.0, 4.745143]]","[""Mn @ 0.25 0.627 0.25"", ""Mn @ 0.75 0.373 0.75"", ""Na @ 0.25 0.123 0.25"", ""Na @ 0.75 0.877 0.75"", ""O @ 0.75 0.417 0.25"", ""O @ 0.75 0.833 0.25"", ""O @ 0.25 0.167 0.75"", ""O @ 0.25 0.583 0.75""]"
NaMnO2,NaMnO2,695049,4909356,3382.0,,,R-3m,Mn1 Na1 O2,ABC2,3,4,43.2297,-1.94039446370526,0.08204311750000004,0.0,standard,static,"[[1.535073, 0.886276, 5.295819], [-1.535073, 0.886276, 5.295819], [0.0, -1.77255, 5.295819]]","[""Mn @ 0.5 0.5 0.5"", ""Na @ 0 0 0"", ""O @ 0.234 0.234 0.234"", ""O @ 0.766 0.766 0.766""]"
NaMnO2,NaMnO2,695046,4909362,3216.0,,,Pmmn,Mn1 Na1 O2,ABC2,3,8,87.1341,-2.01888754620526,0.0035500349999999514,1.234,standard,static,"[[2.893189, 0.0, 0.0], [0.0, 6.324391, 0.0], [0.0, 0.0, 4.762034]]","[""Mn @ 0 1 0"", ""Mn @ 0.5 0.25 0.5"", ""Na @ 0 0.502 0"", ""Na @ 0.5 0.748 0.5"", ""O @ 0.5 0.21 0"", ""O @ 0.5 0.794 0"", ""O @ 0 0.0403 0.5"", ""O @ 0 0.456 0.5""]"
NaMnO2,NaMnO2,695047,4909371,3382.0,,,C2/m,Mn1 Na1 O2,ABC2,3,4,43.4194,-2.02243758120526,0.0,1.29,standard,static,"[[0.0, 2.896267, 0.0], [-2.824588, 1.448133, -0.061267], [0.483115, -1.448133, 5.317976]]","[""Mn @ 0 0 0"", ""Na @ 0.5 0.5 0.5"", ""O @ 0.709 0.789 0.208"", ""O @ 0.291 0.211 0.792""]"
NaMnO2,NaMnO2,695048,4909863,695048.0,,,I41/amd,Mn1 Na1 O2,ABC2,3,16,171.422,-1.99264477933026,0.029792801874999997,1.239,standard,static,"[[-6.004921, 0.0, 0.0], [0.0, -6.004921, 0.0], [3.00246, 3.00246, 4.753931]]","[""Mn @ 0 0 0"", ""Mn @ 0 0.5 0"", ""Mn @ 0 0.5 0.5"", ""Mn @ 0.5 0.5 0.5"", ""Na @ 0.5 0 0"", ""Na @ 0.5 0.5 0"", ""Na @ 0 0 0.5"", ""Na @ 0.5 0 0.5"", ""O @ 0.216 0.252 0.00487"", ""O @ 0.789 0.252 0.00487"", ""O @ 0.248 0.284 0.495"", ""O @ 0.248 0.711 0.495"", ""O @ 0.752 0.289 0.505"", ""O @ 0.752 0.716 0.505"", ""O @ 0.211 0.748 0.995"", ""O @ 0.784 0.748 0.995""]"
NaMnO2,NaMnO2,1773006,6072740,1773006.0,,,Pna21,Mn1 Na1 O2,ABC2,3,16,168.648,-1.918826788705256,0.10361079250000405,0.0,standard,static,"[[4.407502, 0.0, 0.0], [0.0, 4.412085, 0.0], [0.0, 0.0, 8.672521]]","[""Mn @ 0.0603 0.999 0.125"", ""Mn @ 0.0603 0.499 0.375"", ""Mn @ 0.56 0.501 0.625"", ""Mn @ 0.56 0.00108 0.875"", ""Na @ 0.56 0.497 0.125"", ""Na @ 0.56 0.997 0.375"", ""Na @ 0.0602 0.00312 0.625"", ""Na @ 0.0602 0.503 0.875"", ""O @ 0.561 0.997 0.0956"", ""O @ 0.0603 0.494 0.155"", ""O @ 0.0603 0.994 0.346"", ""O @ 0.561 0.497 0.404"", ""O @ 0.0612 0.503 0.596"", ""O @ 0.56 0.00598 0.654"", ""O @ 0.56 0.506 0.846"", ""O @ 0.0612 0.00328 0.904""]"
NaMnO2,NaMnO2,2020397,6241340,695048.0,241352.0,,I41/amd,Mn1 Na1 O2,ABC2,3,16,169.01,-1.9875139062052565,0.034923675000003485,1.065,standard,static,"[[-3.003371638, 3.003371638, 4.684174616], [3.003371638, -3.003371638, 4.684174616], [3.003371638, 3.003371638, -4.684174616]]","[""Mn @ 0.375 0.625 0.25"", ""Mn @ 0.875 0.625 0.25"", ""Mn @ 0.375 0.125 0.75"", ""Mn @ 0.375 0.625 0.75"", ""Na @ 0.875 0.125 0.25"", ""Na @ 0.375 0.125 0.25"", ""Na @ 0.875 0.125 0.75"", ""Na @ 0.875 0.625 0.75"", ""O @ 0.591 0.378 0.213"", ""O @ 0.622 0.835 0.213"", ""O @ 0.128 0.415 0.287"", ""O @ 0.159 0.872 0.287"", ""O @ 0.128 0.841 0.713"", ""O @ 0.585 0.872 0.713"", ""O @ 0.165 0.378 0.787"", ""O @ 0.622 0.409 0.787""]"
NaMnO2,NaMnO2,2034822,6242222,2034822.0,678364.0,,Pnma,Mn1 Na1 O2,ABC2,3,16,174.47,-1.9431288074552562,0.07930877375000378,1.6880000000000002,standard,static,"[[11.010652877, 0.0, 0.0], [0.0, 2.858091381, 0.0], [0.0, 0.0, 5.544112724]]","[""Mn @ 0.126 0.75 0.0265"", ""Mn @ 0.626 0.75 0.474"", ""Mn @ 0.374 0.25 0.526"", ""Mn @ 0.874 0.25 0.974"", ""Na @ 0.38 0.25 0.0313"", ""Na @ 0.88 0.25 0.469"", ""Na @ 0.12 0.75 0.531"", ""Na @ 0.62 0.75 0.969"", ""O @ 0.802 0.75 0.164"", ""O @ 0.052 0.25 0.215"", ""O @ 0.552 0.25 0.285"", ""O @ 0.302 0.75 0.336"", ""O @ 0.698 0.25 0.664"", ""O @ 0.448 0.75 0.715"", ""O @ 0.948 0.75 0.785"", ""O @ 0.198 0.25 0.836""]"
NaMnO2,NaMnO2,2034814,6242239,2034814.0,678352.0,,Pm,Mn1 Na1 O2,ABC2,3,16,178.916,-1.929571505580256,0.09286607562500393,1.3090000000000002,standard,static,"[[5.630803366, 0.0, 0.0], [0.0, 2.849515292, 0.0], [-0.869816421, 0.0, 11.150847727]]","[""Mn @ 0.992 0.5 0.00381"", ""Mn @ 0.405 0 0.256"", ""Mn @ 0.041 0.5 0.511"", ""Mn @ 0.577 0 0.734"", ""Na @ 0.911 0.5 0.248"", ""Na @ 0.535 0 0.494"", ""Na @ 0.0811 0.5 0.763"", ""Na @ 0.493 0.5 0.999"", ""O @ 0.813 0 0.076"", ""O @ 0.264 0.5 0.162"", ""O @ 0.58 0.5 0.34"", ""O @ 0.128 0 0.406"", ""O @ 0.906 0 0.604"", ""O @ 0.404 0.5 0.643"", ""O @ 0.705 0.5 0.832"", ""O @ 0.166 0 0.927""]"
NaMnO2,NaMnO2,2106759,6333900,3382.0,,,R-3m,Mn1 Na1 O2,ABC2,3,4,43.29,-1.940809891205256,0.08162769000000392,0.0,standard,static,"[[1.534001127, 0.885655964, 5.310624234], [-1.534001127, 0.885655964, 5.310624234], [0.0, -1.771311928, 5.310624234]]","[""Mn @ 0.5 0.5 0.5"", ""Na @ 0 0 0"", ""O @ 0.234 0.234 0.234"", ""O @ 0.766 0.766 0.766""]"
NaMnO2,NaMnO2,2106859,6333938,,,,P63mc,Mn1 Na1 O2,ABC2,3,8,87.4811,-1.9092946712052568,0.1131429100000032,0.0,standard,static,"[[3.048866998, 0.0, 0.0], [-1.524433499, 2.640396273, 0.0], [0.0, 0.0, 10.86692258]]","[""Mn @ 0.667 0.333 0.000608"", ""Mn @ 0.333 0.667 0.501"", ""Na @ 0.667 0.333 0.257"", ""Na @ 0.333 0.667 0.757"", ""O @ 0.333 0.667 0.101"", ""O @ 0 0 0.401"", ""O @ 0.667 0.333 0.601"", ""O @ 0 0 0.901""]"
NaMnO2,NaMnO2,2110675,6335199,,,,R3m,Mn1 Na1 O2,ABC2,3,4,43.8893,-1.8995411587052562,0.12289642250000377,0.0,standard,static,"[[1.521064071, 0.878186751, 5.476116439], [-1.521064071, 0.878186751, 5.476116439], [0.0, -1.756373502, 5.476116439]]","[""Mn @ 0.00244 0.00244 0.00244"", ""Na @ 0.832 0.832 0.832"", ""O @ 0.402 0.402 0.402"", ""O @ 0.603 0.603 0.603""]"
NaMnO2,NaMnO2,2110775,6335247,,,,P63/mmc,Mn1 Na1 O2,ABC2,3,8,87.1634,-1.9284014724552563,0.09403610875000368,0.0,standard,static,"[[3.060664206, 0.0, 0.0], [-1.530332103, 2.650612955, 0.0], [0.0, 0.0, 10.744152819]]","[""Mn @ 0 0 0"", ""Mn @ 0 0 0.5"", ""Na @ 0.667 0.333 0.25"", ""Na @ 0.333 0.667 0.75"", ""O @ 0.333 0.667 0.0998"", ""O @ 0.333 0.667 0.4"", ""O @ 0.667 0.333 0.6"", ""O @ 0.667 0.333 0.9""]"
LiFePO4,LiFePO4,16690,4505370,16690.0,97766.0,Na2CrO4,Cmcm,Fe1 Li1 O4 P1,ABCD4,4,14,139.828,-2.39736670941274,0.012576433214289917,3.207,standard,static,"[[2.761141, -4.123396, 0.0], [2.761141, 4.123396, 0.0], [0.0, 0.0, 6.140756]]","[""Fe @ 0 0 0"", ""Fe @ 0 0 0.5"", ""Li @ 0.334 0.666 0.25"", ""Li @ 0.666 0.334 0.75"", ""O @ 0.753 0.247 0.0437"", ""O @ 0.308 0.242 0.25"", ""O @ 0.758 0.692 0.25"", ""O @ 0.753 0.247 0.456"", ""O @ 0.247 0.753 0.544"", ""O @ 0.242 0.308 0.75"", ""O @ 0.692 0.758 0.75"", ""O @ 0.247 0.753 0.956"", ""P @ 0.649 0.351 0.25"", ""P @ 0.351 0.649 0.75""]"
LiFePO4,LiFePO4,6955,4871388,6955.0,38209.0,Mg2SiO4,Pnma,Fe1 Li1 O4 P1,ABCD4,4,28,285.574,-2.40994314262703,0.0,4.212,standard,static,"[[4.689932, 0.0, 0.0], [0.0, 10.151774, 0.0], [0.0, 0.0, 5.998054]]","[""Fe @ 0.966 0.28 0.25"", ""Fe @ 0.534 0.78 0.25"", ""Fe @ 0.466 0.22 0.75"", ""Fe @ 0.034 0.72 0.75"", ""Li @ 0 0 0"", ""Li @ 0.5 0.5 0"", ""Li @ 0 0 0.5"", ""Li @ 0.5 0.5 0.5"", ""O @ 0.276 0.164 0.0449"", ""O @ 0.224 0.664 0.0449"", ""O @ 0.738 0.0935 0.25"", ""O @ 0.215 0.451 0.25"", ""O @ 0.762 0.593 0.25"", ""O @ 0.285 0.951 0.25"", ""O @ 0.276 0.164 0.455"", ""O @ 0.224 0.664 0.455"", ""O @ 0.776 0.336 0.545"", ""O @ 0.724 0.836 0.545"", ""O @ 0.715 0.0488 0.75"", ""O @ 0.238 0.407 0.75"", ""O @ 0.785 0.549 0.75"", ""O @ 0.262 0.907 0.75"", ""O @ 0.776 0.336 0.955"", ""O @ 0.724 0.836 0.955"", ""P @ 0.412 0.0921 0.25"", ""P @ 0.0882 0.592 0.25"", ""P @ 0.912 0.408 0.75"", ""P @ 0.588 0.908 0.75""]"
LiFePO4,LiFePO4,122672,4874316,122672.0,246855.0,Mg2SiO4,Pnma,Fe1 Li1 O4 P1,ABCD4,4,28,289.643,-2.35789623941274,0.05204690321428984,3.193,standard,static,"[[10.05767, 0.0, 0.0], [0.0, 6.09667, 0.0], [0.0, 0.0, 4.723606]]","[""Fe @ 0 0 0"", ""Fe @ 0 0.5 0"", ""Fe @ 0.5 0 0.5"", ""Fe @ 0.5 0.5 0.5"", ""Li @ 0.717 0.75 0.0142"", ""Li @ 0.217 0.75 0.486"", ""Li @ 0.783 0.25 0.514"", ""Li @ 0.283 0.25 0.986"", ""O @ 0.666 0.0423 0.2"", ""O @ 0.666 0.458 0.2"", ""O @ 0.454 0.25 0.207"", ""O @ 0.908 0.75 0.248"", ""O @ 0.408 0.75 0.252"", ""O @ 0.954 0.25 0.293"", ""O @ 0.166 0.0423 0.3"", ""O @ 0.166 0.458 0.3"", ""O @ 0.834 0.542 0.7"", ""O @ 0.834 0.958 0.7"", ""O @ 0.0463 0.75 0.707"", ""O @ 0.592 0.25 0.748"", ""O @ 0.0925 0.25 0.752"", ""O @ 0.546 0.75 0.793"", ""O @ 0.334 0.542 0.8"", ""O @ 0.334 0.958 0.8"", ""P @ 0.6 0.25 0.0775"", ""P @ 0.0998 0.25 0.422"", ""P @ 0.9 0.75 0.578"", ""P @ 0.4 0.75 0.922""]"
LiFePO4,LiFePO4,2049501,6246498,2049501.0,258956.0,,Pnma,Fe1 Li1 O4 P1,ABCD4,4,28,318.304,-1.6029682169127426,0.8069749257142873,2.139,standard,static,"[[8.883559447, 0.0, 0.0], [0.0, 6.487550252, 0.0], [0.0, 0.0, 5.522994365]]","[""Fe @ 0.29 0.25 0.133"", ""Fe @ 0.79 0.25 0.367"", ""Fe @ 0.21 0.75 0.633"", ""Fe @ 0.71 0.75 0.867"", ""Li @ 0 0 0"", ""Li @ 0 0.5 0"", ""Li @ 0.5 0 0.5"", ""Li @ 0.5 0.5 0.5"", ""O @ 0.522 0.25 0.0675"", ""O @ 0.067 0.25 0.169"", ""O @ 0.825 0.558 0.239"", ""O @ 0.825 0.942 0.239"", ""O @ 0.325 0.558 0.261"", ""O @ 0.325 0.942 0.261"", ""O @ 0.567 0.25 0.331"", ""O @ 0.0224 0.25 0.433"", ""O @ 0.978 0.75 0.567"", ""O @ 0.433 0.75 0.669"", ""O @ 0.675 0.0584 0.739"", ""O @ 0.675 0.442 0.739"", ""O @ 0.175 0.0584 0.761"", ""O @ 0.175 0.442 0.761"", ""O @ 0.933 0.75 0.831"", ""O @ 0.478 0.75 0.933"", ""P @ 0.306 0.75 0.0867"", ""P @ 0.806 0.75 0.413"", ""P @ 0.194 0.25 0.587"", ""P @ 0.694 0.25 0.913""]"
LiCoO2,LiCoO2,5701,4082805,5701.0,29225.0,NaCrS2,R-3m,Co1 Li1 O2,ABC2,3,4,32.5095,-1.5471009134233,0.14633448750000255,0.0,standard,standard,"[[1.423678, 0.821961, 4.630159], [-1.423678, 0.821961, 4.630159], [0.0, -1.643923, 4.630159]]","[""Co @ 0 0 0"", ""Li @ 0.5 0.5 0.5"", ""O @ 0.255 0.255 0.255"", ""O @ 0.745 0.745 0.745""]"
LiCoO2,LiCoO2,677746,4866738,677746.0,74332.0,,Fd-3m,Co1 Li1 O2,ABC2,3,16,136.841,-1.6359284696733,0.0575069312500025,2.157,standard,static,"[[4.090049, 4.090049, 0.0], [-4.090049, 0.0, 4.090049], [4.090049, -4.090049, 0.0]]","[""Co @ 0 0.5 0"", ""Co @ 0 0 0.5"", ""Co @ 0 0.5 0.5"", ""Co @ 0.5 0 0.5"", ""Li @ 0 0 0"", ""Li @ 0.5 0 0"", ""Li @ 0.5 0.5 0"", ""Li @ 0.5 0.5 0.5"", ""O @ 0.246 0.507 0.254"", ""O @ 0.761 0.507 0.254"", ""O @ 0.246 0.993 0.254"", ""O @ 0.754 0.00723 0.261"", ""O @ 0.246 0.993 0.739"", ""O @ 0.754 0.00723 0.746"", ""O @ 0.239 0.493 0.746"", ""O @ 0.754 0.493 0.746""]"
LiCoO2,LiCoO2,103776,4867830,103776.0,161384.0,NaCrS2,C2/m,Co1 Li1 O2,ABC2,3,12,94.8596,-1.5725708409233,0.12086456000000267,0.0,standard,static,"[[2.810616, -0.002251, -0.004342], [-1.407257, 2.437431, 1.6e-05], [-0.021595, -0.012376, 13.853193]]","[""Co @ 0.00284 0.00142 0.000121"", ""Co @ 0.667 0.333 0.333"", ""Co @ 0.331 0.665 0.667"", ""Li @ 0.336 0.668 0.167"", ""Li @ 0.998 0.999 0.5"", ""Li @ 0.667 0.333 0.833"", ""O @ 0.672 0.336 0.0744"", ""O @ 0.999 0.999 0.259"", ""O @ 0.334 0.667 0.407"", ""O @ 0.662 0.331 0.592"", ""O @ 0.999 1 0.741"", ""O @ 0.334 0.667 0.926""]"
LiCoO2,LiCoO2,1477705,5850169,677746.0,,,Fd-3m,Co1 Li1 O2,ABC2,3,16,126.176,-1.6883505865483022,0.005084814375000413,2.3660000000000005,standard,static,"[[0.0, 3.980912989, 3.980912989], [3.980912989, 0.0, 3.980912989], [3.980912989, 3.980912989, 0.0]]","[""Co @ 0.625 0.625 0.125"", ""Co @ 0.625 0.125 0.625"", ""Co @ 0.125 0.625 0.625"", ""Co @ 0.625 0.625 0.625"", ""Li @ 0.125 0.125 0.125"", ""Li @ 0.625 0.125 0.125"", ""Li @ 0.125 0.625 0.125"", ""Li @ 0.125 0.125 0.625"", ""O @ 0.384 0.384 0.384"", ""O @ 0.849 0.384 0.384"", ""O @ 0.384 0.849 0.384"", ""O @ 0.866 0.866 0.401"", ""O @ 0.384 0.384 0.849"", ""O @ 0.866 0.401 0.866"", ""O @ 0.401 0.866 0.866"", ""O @ 0.866 0.866 0.866""]"
LiCoO2,LiCoO2,1477713,5850235,5701.0,,,R-3m,Co1 Li1 O2,ABC2,3,4,31.5687,-1.689319113423302,0.004116287500000482,2.4920000000000004,standard,static,"[[1.40471722, 0.811013865, 4.618370979], [-1.40471722, 0.811013865, 4.618370979], [0.0, -1.62202773, 4.618370979]]","[""Co @ 0.5 0.5 0.5"", ""Li @ 0 0 0"", ""O @ 0.241 0.241 0.241"", ""O @ 0.759 0.759 0.759""]"
LiCoO2,LiCoO2,1477721,5850347,1477721.0,,,I41/amd,Co1 Li1 O2,ABC2,3,8,68.0843,-1.5428253896733022,0.1506100112500004,0.847,standard,static,"[[-2.065914115, 2.065914115, 3.988064352], [2.065914115, -2.065914115, 3.988064352], [2.065914115, 2.065914115, -3.988064352]]","[""Co @ 0 0 0"", ""Co @ 0.75 0.25 0.5"", ""Li @ 0.5 0.5 0"", ""Li @ 0.25 0.75 0.5"", ""O @ 0.236 0.236 0"", ""O @ 0.764 0.764 0"", ""O @ 0.514 0.0144 0.5"", ""O @ 0.986 0.486 0.5""]"
LiCoO2,LiCoO2,31809,5854865,5701.0,,,R-3m,Co1 Li1 O2,ABC2,3,4,31.9887,-1.6934354009233026,0.0,2.4970000000000003,standard,static,"[[1.40706398, 0.812368768, 4.664213248], [-1.40706398, 0.812368768, 4.664213248], [0.0, -1.624737536, 4.664213248]]","[""Co @ 0.5 0.5 0.5"", ""Li @ 0 0 0"", ""O @ 0.24 0.24 0.24"", ""O @ 0.76 0.76 0.76""]"
LiCoO2,LiCoO2,1477729,5861729,1477729.0,,,P1,Co1 Li1 O2,ABC2,3,64,559.319,-1.543255465923302,0.1501799350000006,0.0,standard,static,"[[5.044849657, 0.0, 0.0], [-1.678299309, 9.903098665, 0.0], [-0.121596381, -3.300380654, 11.195407104]]","[""Co @ 0.748 0.25 0.0599"", ""Co @ 0.009 0.989 0.229"", ""Co @ 0.00593 0.503 0.248"", ""Co @ 0.747 0.746 0.306"", ""Co @ 0.756 0.25 0.309"", ""Co @ 0.493 0.996 0.366"", ""Co @ 0.494 0.505 0.38"", ""Co @ 0.00527 0.997 0.501"", ""Co @ 0.75 0.257 0.563"", ""Co @ 0.756 0.741 0.572"", ""Co @ 0.49 0.00191 0.627"", ""Co @ 0.244 0.268 0.697"", ""Co @ 0.264 0.74 0.707"", ""Co @ 0.74 0.255 0.818"", ""Co @ 0.506 0.987 0.89"", ""Co @ 0 0.506 0.999"", ""Li @ 0.739 0.747 0.0537"", ""Li @ 0.493 0.499 0.117"", ""Li @ 0.5 0.998 0.118"", ""Li @ 0.259 0.744 0.175"", ""Li @ 0.258 0.248 0.18"", ""Li @ 0.25 0.746 0.436"", ""Li @ 0.252 0.254 0.437"", ""Li @ 0.0203 0.498 0.509"", ""Li @ 0.505 0.503 0.634"", ""Li @ 0.994 0.998 0.758"", ""Li @ 0.99 0.508 0.76"", ""Li @ 0.767 0.749 0.825"", ""Li @ 0.497 0.514 0.881"", ""Li @ 0.241 0.247 0.939"", ""Li @ 0.243 0.746 0.944"", ""Li @ 0.0112 0.993 0.989"", ""O @ 0.337 0.608 0.0277"", ""O @ 0.406 0.135 0.0294"", ""O @ 0.0873 0.376 0.0907"", ""O @ 0.12 0.884 0.0991"", ""O @ 0.89 0.613 0.155"", ""O @ 0.87 0.139 0.165"", ""O @ 0.635 0.87 0.226"", ""O @ 0.628 0.383 0.232"", ""O @ 0.396 0.625 0.283"", ""O @ 0.382 0.119 0.287"", ""O @ 0.122 0.387 0.339"", ""O @ 0.108 0.876 0.342"", ""O @ 0.862 0.634 0.399"", ""O @ 0.871 0.117 0.402"", ""O @ 0.644 0.364 0.463"", ""O @ 0.625 0.88 0.466"", ""O @ 0.375 0.122 0.525"", ""O @ 0.394 0.621 0.526"", ""O @ 0.103 0.879 0.587"", ""O @ 0.128 0.366 0.598"", ""O @ 0.877 0.131 0.647"", ""O @ 0.885 0.633 0.652"", ""O @ 0.609 0.872 0.712"", ""O @ 0.626 0.366 0.719"", ""O @ 0.383 0.141 0.776"", ""O @ 0.375 0.625 0.779"", ""O @ 0.144 0.879 0.839"", ""O @ 0.0911 0.371 0.849"", ""O @ 0.85 0.129 0.896"", ""O @ 0.874 0.614 0.918"", ""O @ 0.63 0.88 0.968"", ""O @ 0.65 0.377 0.976""]"
LiCoO2,LiCoO2,1545199,5914293,1477721.0,,,I41/amd,Co1 Li1 O2,ABC2,3,8,65.1963,-1.5669881184233025,0.12644728250000004,0.0,standard,static,"[[-1.988261795, 1.988261795, 4.123023164], [1.988261795, -1.988261795, 4.123023164], [1.988261795, 1.988261795, -4.123023164]]","[""Co @ 0 0 0"", ""Co @ 0.75 0.25 0.5"", ""Li @ 0.5 0.5 0"", ""Li @ 0.25 0.75 0.5"", ""O @ 0.235 0.235 0"", ""O @ 0.765 0.765 0"", ""O @ 0.515 0.0155 0.5"", ""O @ 0.985 0.485 0.5""]"
LiCoO2,LiCoO2,1545190,5914715,5701.0,,,R-3m,Co1 Li1 O2,ABC2,3,4,31.5219,-1.6887266684233024,0.004708732500000146,2.295,standard,static,"[[1.40602956, 0.811771545, 4.60291395], [-1.40602956, 0.811771545, 4.60291395], [0.0, -1.62354309, 4.60291395]]","[""Co @ 0.5 0.5 0.5"", ""Li @ 0 0 0"", ""O @ 0.241 0.241 0.241"", ""O @ 0.759 0.759 0.759""]"
LiCoO2,LiCoO2,1548646,5917449,5701.0,,,R-3m,Co1 Li1 O2,ABC2,3,4,31.4514,-1.6875336234233025,0.005901777500000094,2.4939999999999998,standard,static,"[[1.407220519, 0.812459145, 4.584846157], [-1.407220519, 0.812459145, 4.584846157], [0.0, -1.624918291, 4.584846157]]","[""Co @ 0.5 0.5 0.5"", ""Li @ 0 0 0"", ""O @ 0.241 0.241 0.241"", ""O @ 0.759 0.759 0.759""]"
LiCoO2,LiCoO2,1548637,5917778,1477721.0,,,I41/amd,Co1 Li1 O2,ABC2,3,8,65.1977,-1.567000758423302,0.12643464250000047,0.0,standard,static,"[[-1.988252349, 1.988252349, 4.123150248], [1.988252349, -1.988252349, 4.123150248], [1.988252349, 1.988252349, -4.123150248]]","[""Co @ 0 0 0"", ""Co @ 0.75 0.25 0.5"", ""Li @ 0.5 0.5 0"", ""Li @ 0.25 0.75 0.5"", ""O @ 0.235 0.235 0"", ""O @ 0.765 0.765 0"", ""O @ 0.515 0.0155 0.5"", ""O @ 0.985 0.485 0.5""]"
LiCoO2,LiCoO2,1738201,6035510,1738201.0,,,Pmmn,Co1 Li1 O2,ABC2,3,8,70.3005,-1.5560481496733027,0.13738725124999984,0.44700000000000006,standard,static,"[[4.185209, 0.0, 0.0], [0.0, 2.890135, 0.0], [0.0, 0.0, 5.81197]]","[""Co @ 0 0 0.0179"", ""Co @ 0.5 0.5 0.732"", ""Li @ 0.5 0.5 0.257"", ""Li @ 0 0 0.493"", ""O @ 0 0.5 0.234"", ""O @ 0.5 0 0.516"", ""O @ 0 0.5 0.767"", ""O @ 0.5 0 0.983""]"
LiCoO2,LiCoO2,1751954,6071391,1751954.0,,,Pna21,Co1 Li1 O2,ABC2,3,16,171.263,-1.5813821046733025,0.11205329625000005,1.0179999999999998,standard,static,"[[4.954394, 0.0, 0.0], [-0.000276, 5.499276, 0.0], [0.0, 0.0, 6.285893]]","[""Co @ 0.994 0.082 0.126"", ""Co @ 0.994 0.582 0.374"", ""Co @ 0.494 0.418 0.626"", ""Co @ 0.494 0.918 0.874"", ""Li @ 0.495 0.42 0.125"", ""Li @ 0.495 0.92 0.375"", ""Li @ 0.995 0.08 0.625"", ""Li @ 0.995 0.58 0.875"", ""O @ 0.375 0.0829 0.115"", ""O @ 0.893 0.406 0.133"", ""O @ 0.893 0.906 0.367"", ""O @ 0.375 0.583 0.385"", ""O @ 0.875 0.417 0.615"", ""O @ 0.393 0.0942 0.633"", ""O @ 0.393 0.594 0.867"", ""O @ 0.875 0.917 0.885""]"
LiCoO2,LiCoO2,1764922,6071448,1751954.0,,,P41212,Co1 Li1 O2,ABC2,3,16,174.112,-1.5605244715483026,0.13291092937499993,0.8220000000000001,standard,static,"[[5.227286, 0.0, 0.0], [0.0, 5.227286, 0.0], [0.0, 0.0, 6.372001]]","[""Co @ 0.182 0.182 0"", ""Co @ 0.318 0.682 0.25"", ""Co @ 0.818 0.818 0.5"", ""Co @ 0.682 0.318 0.75"", ""Li @ 0.819 0.819 0"", ""Li @ 0.681 0.319 0.25"", ""Li @ 0.181 0.181 0.5"", ""Li @ 0.319 0.681 0.75"", ""O @ 0.199 0.823 0.00439"", ""O @ 0.301 0.323 0.246"", ""O @ 0.677 0.699 0.254"", ""O @ 0.177 0.801 0.496"", ""O @ 0.801 0.177 0.504"", ""O @ 0.699 0.677 0.746"", ""O @ 0.323 0.301 0.754"", ""O @ 0.823 0.199 0.996""]"
LiCoO2,LiCoO2,2070250,6279176,5701.0,,,R-3m,Co1 Li1 O2,ABC2,3,4,31.6088,-1.6896691384233025,0.003766262500000117,2.494,standard,static,"[[1.407055246, 0.812363725, 4.608873943], [-1.407055246, 0.812363725, 4.608873943], [0.0, -1.62472745, 4.608873943]]","[""Co @ 0.5 0.5 0.5"", ""Li @ 0 0 0"", ""O @ 0.241 0.241 0.241"", ""O @ 0.759 0.759 0.759""]"
LiCoO2,LiCoO2,2070282,6279448,1477721.0,,,I41/amd,Co1 Li1 O2,ABC2,3,8,68.8852,-1.5476792446733025,0.14575615625000005,0.6350000000000002,standard,static,"[[-2.067759021, 2.067759021, 4.027780922], [2.067759021, -2.067759021, 4.027780922], [2.067759021, 2.067759021, -4.027780922]]","[""Co @ 0 0 0"", ""Co @ 0.75 0.25 0.5"", ""Li @ 0.5 0.5 0"", ""Li @ 0.25 0.75 0.5"", ""O @ 0.237 0.237 0"", ""O @ 0.763 0.763 0"", ""O @ 0.513 0.0132 0.5"", ""O @ 0.987 0.487 0.5""]"
LiCoO2,LiCoO2,2070314,6279536,677746.0,,,Fd-3m,Co1 Li1 O2,ABC2,3,16,125.785,-1.6872375240483022,0.0061978768750003965,2.3670000000000004,standard,static,"[[0.0, 3.976794286, 3.976794286], [3.976794286, 0.0, 3.976794286], [3.976794286, 3.976794286, 0.0]]","[""Co @ 0.625 0.625 0.125"", ""Co @ 0.625 0.125 0.625"", ""Co @ 0.125 0.625 0.625"", ""Co @ 0.625 0.625 0.625"", ""Li @ 0.125 0.125 0.125"", ""Li @ 0.625 0.125 0.125"", ""Li @ 0.125 0.625 0.125"", ""Li @ 0.125 0.125 0.625"", ""O @ 0.384 0.384 0.384"", ""O @ 0.848 0.384 0.384"", ""O @ 0.384 0.848 0.384"", ""O @ 0.866 0.866 0.402"", ""O @ 0.384 0.384 0.848"", ""O @ 0.866 0.402 0.866"", ""O @ 0.402 0.866 0.866"", ""O @ 0.866 0.866 0.866""]"
LiCoO2,LiCoO2,2077790,6308061,5701.0,,,R-3m,Co1 Li1 O2,ABC2,3,4,31.5449,-1.6890550809233025,0.004380320000000104,2.4950000000000006,standard,static,"[[1.402523592, 0.809747373, 4.62932919], [-1.402523592, 0.809747373, 4.62932919], [0.0, -1.619494747, 4.62932919]]","[""Co @ 0.5 0.5 0.5"", ""Li @ 0 0 0"", ""O @ 0.241 0.241 0.241"", ""O @ 0.759 0.759 0.759""]"
LiCoO2,LiCoO2,2077814,6308062,2077814.0,,,P63mc,Co1 Li1 O2,ABC2,3,8,63.8179,-1.672554664673302,0.02088073625000053,2.276,standard,static,"[[2.799239057, 0.0, 0.0], [-1.399619529, 2.424212135, 0.0], [0.0, 0.0, 9.404423623]]","[""Co @ 0.667 0.333 0.00046"", ""Co @ 0.333 0.667 0.5"", ""Li @ 0.667 0.333 0.258"", ""Li @ 0.333 0.667 0.758"", ""O @ 0.333 0.667 0.111"", ""O @ 0 0 0.39"", ""O @ 0.667 0.333 0.611"", ""O @ 0 0 0.89""]"
LiCoO2,LiCoO2,2086235,6315249,5701.0,,,R-3m,Co1 Li1 O2,ABC2,3,4,31.9296,-1.6929574484233019,0.0004779525000007112,2.495,standard,static,"[[1.406657084, 0.812133846, 4.658285496], [-1.406657084, 0.812133846, 4.658285496], [0.0, -1.624267692, 4.658285496]]","[""Co @ 0.5 0.5 0.5"", ""Li @ 0 0 0"", ""O @ 0.241 0.241 0.241"", ""O @ 0.759 0.759 0.759""]"
LiCoO2,LiCoO2,2086403,6316499,2077814.0,,,P63mc,Co1 Li1 O2,ABC2,3,8,64.3507,-1.6751029496733025,0.018332451250000048,2.4799999999999995,standard,static,"[[2.80002776, 0.0, 0.0], [-1.40001388, 2.424895171, 0.0], [0.0, 0.0, 9.477586723]]","[""Co @ 0.667 0.333 0.000489"", ""Co @ 0.333 0.667 0.5"", ""Li @ 0.667 0.333 0.258"", ""Li @ 0.333 0.667 0.758"", ""O @ 0.333 0.667 0.11"", ""O @ 0 0 0.391"", ""O @ 0.667 0.333 0.61"", ""O @ 0 0 0.891""]"
LiCoO2,LiCoO2,2108592,6336221,2108592.0,,,P-1,Co1 Li1 O2,ABC2,3,16,127.95,-1.692436992798302,0.0009984081250005161,2.3590000000000004,standard,static,"[[5.596975885, 0.0, 0.0], [-2.792616079, 4.86420028, 0.0], [-0.002050863, -3.234640204, 4.699742966]]","[""Co @ 0 0.25 0.5"", ""Co @ 0.5 0.25 0.5"", ""Co @ 0.5 0.75 0.5"", ""Co @ 0 0.75 0.5"", ""Li @ 0.00125 0.752 0.000349"", ""Li @ 0.499 0.749 0.000521"", ""Li @ 0.501 0.251 0.999"", ""Li @ 0.999 0.248 1"", ""O @ 0.26 0.77 0.279"", ""O @ 0.76 0.77 0.279"", ""O @ 0.76 0.27 0.279"", ""O @ 0.26 0.27 0.279"", ""O @ 0.74 0.73 0.721"", ""O @ 0.24 0.73 0.721"", ""O @ 0.24 0.23 0.721"", ""O @ 0.74 0.23 0.721""]"
LiCoO2,LiCoO2,2120951,6337902,2120951.0,,,C2/m,Co1 Li1 O2,ABC2,3,16,131.711,-1.5107685284233021,0.18266687250000047,0.0,standard,static,"[[4.723607214, -1.42597294, 0.0], [4.723607214, 1.42597294, 0.0], [-1.791360615, 0.0, 9.777030725]]","[""Co @ 0.249 0.249 0.123"", ""Co @ 0.0126 0.0126 0.266"", ""Co @ 0.987 0.987 0.734"", ""Co @ 0.751 0.751 0.877"", ""Li @ 0.5 0.5 0"", ""Li @ 0.758 0.758 0.384"", ""Li @ 0.5 0.5 0.5"", ""Li @ 0.242 0.242 0.616"", ""O @ 0.86 0.86 0.0632"", ""O @ 0.629 0.629 0.177"", ""O @ 0.374 0.374 0.295"", ""O @ 0.12 0.12 0.43"", ""O @ 0.88 0.88 0.57"", ""O @ 0.626 0.626 0.705"", ""O @ 0.371 0.371 0.823"", ""O @ 0.14 0.14 0.937""]"
LiCoO2,LiCoO2,2120920,6337935,2120920.0,,,C2/m,Co1 Li1 O2,ABC2,3,16,132.111,-1.549111724048302,0.14432367687500047,0.0,standard,static,"[[4.781673473, -1.449403835, 0.0], [4.781673473, 1.449403835, 0.0], [-2.097366679, 0.0, 9.530994755]]","[""Co @ 0.5 0.5 0"", ""Co @ 0.741 0.741 0.353"", ""Co @ 0.5 0.5 0.5"", ""Co @ 0.259 0.259 0.647"", ""Li @ 0.261 0.261 0.112"", ""Li @ 0.994 0.994 0.242"", ""Li @ 0.00624 0.00624 0.758"", ""Li @ 0.739 0.739 0.888"", ""O @ 0.89 0.89 0.0548"", ""O @ 0.626 0.626 0.184"", ""O @ 0.375 0.375 0.322"", ""O @ 0.13 0.13 0.444"", ""O @ 0.87 0.87 0.556"", ""O @ 0.625 0.625 0.678"", ""O @ 0.374 0.374 0.816"", ""O @ 0.11 0.11 0.945""]"
LiCoO2,LiCoO2,2171667,6398766,677746.0,,,Fd-3m,Co1 Li1 O2,ABC2,3,16,127.28,-1.691089815923302,0.002345585000000483,2.5589999999999997,standard,static,"[[0.0, 3.992486599, 3.992486599], [3.992486599, 0.0, 3.992486599], [3.992486599, 3.992486599, 0.0]]","[""Co @ 0.125 0.125 0.125"", ""Co @ 0.625 0.125 0.125"", ""Co @ 0.125 0.625 0.125"", ""Co @ 0.125 0.125 0.625"", ""Li @ 0.625 0.625 0.125"", ""Li @ 0.625 0.125 0.625"", ""Li @ 0.125 0.625 0.625"", ""Li @ 0.625 0.625 0.625"", ""O @ 0.884 0.884 0.348"", ""O @ 0.902 0.366 0.366"", ""O @ 0.366 0.366 0.366"", ""O @ 0.366 0.902 0.366"", ""O @ 0.884 0.348 0.884"", ""O @ 0.348 0.884 0.884"", ""O @ 0.884 0.884 0.884"", ""O @ 0.366 0.366 0.902""]"
NaFeO2,NaFeO2,6858,4066143,6858.0,37157.0,NaCrS2,R-3m,Fe1 Na1 O2,ABC2,3,4,41.9682,-1.80917220525585,0.002843844999998124,1.679,standard,static,"[[5.613564, 0.009446, 0.00574], [4.799944, 2.910796, 0.00574], [4.799944, 1.34604, 2.58088]]","[""Fe @ 0.5 0.5 0.5"", ""Na @ 0 0 0"", ""O @ 0.235 0.235 0.235"", ""O @ 0.765 0.765 0.765""]"
NaFeO2,NaFeO2,6335,4781778,5246.0,33768.0,LiAlO2-gamma,P41212,Fe1 Na1 O2,ABC2,3,16,221.774,-1.76834647338085,0.04366957687499817,1.804,standard,static,"[[5.498942, 0.0, 0.0], [0.0, 5.498942, 0.0], [0.0, 0.0, 7.334207]]","[""Fe @ 0.187 0.187 0"", ""Fe @ 0.313 0.687 0.25"", ""Fe @ 0.813 0.813 0.5"", ""Fe @ 0.687 0.313 0.75"", ""Na @ 0.797 0.797 0"", ""Na @ 0.703 0.297 0.25"", ""Na @ 0.203 0.203 0.5"", ""Na @ 0.297 0.703 0.75"", ""O @ 0.222 0.845 0.0333"", ""O @ 0.278 0.345 0.217"", ""O @ 0.655 0.722 0.283"", ""O @ 0.155 0.778 0.467"", ""O @ 0.778 0.155 0.533"", ""O @ 0.722 0.655 0.717"", ""O @ 0.345 0.278 0.783"", ""O @ 0.845 0.222 0.967""]"
NaFeO2,NaFeO2,5246,4781877,5246.0,27117.0,NaFeO2(beta),Pna21,Fe1 Na1 O2,ABC2,3,16,216.631,-1.77652366650585,0.0354923837499983,1.811,standard,static,"[[5.672066, 0.0, 0.0], [0.0, 7.171119, 0.0], [0.0, 0.0, 5.325886]]","[""Fe @ 0.0706 0.127 0.993"", ""Fe @ 0.571 0.373 0.993"", ""Fe @ 0.429 0.627 0.493"", ""Fe @ 0.929 0.873 0.493"", ""Na @ 0.0754 0.622 0.981"", ""Na @ 0.575 0.878 0.981"", ""Na @ 0.425 0.122 0.481"", ""Na @ 0.925 0.378 0.481"", ""O @ 0.0434 0.0935 0.345"", ""O @ 0.543 0.406 0.345"", ""O @ 0.107 0.658 0.411"", ""O @ 0.607 0.842 0.411"", ""O @ 0.457 0.594 0.845"", ""O @ 0.957 0.906 0.845"", ""O @ 0.393 0.158 0.911"", ""O @ 0.893 0.342 0.911""]"
NaFeO2,NaFeO2,43156,4852173,43156.0,33769.0,LiAlO2-gamma,P41212,Fe1 Na1 O2,ABC2,3,16,222.444,-1.76911687338085,0.042899176874998224,1.802,standard,static,"[[5.508903, 0.0, 0.0], [0.0, 5.508903, 0.0], [0.0, 0.0, 7.329785]]","[""Fe @ 0.187 0.187 0"", ""Fe @ 0.313 0.687 0.25"", ""Fe @ 0.813 0.813 0.5"", ""Fe @ 0.687 0.313 0.75"", ""Na @ 0.798 0.798 0"", ""Na @ 0.702 0.298 0.25"", ""Na @ 0.202 0.202 0.5"", ""Na @ 0.298 0.702 0.75"", ""O @ 0.222 0.846 0.0333"", ""O @ 0.278 0.346 0.217"", ""O @ 0.654 0.722 0.283"", ""O @ 0.154 0.778 0.467"", ""O @ 0.778 0.154 0.533"", ""O @ 0.722 0.654 0.717"", ""O @ 0.346 0.278 0.783"", ""O @ 0.846 0.222 0.967""]"
NaFeO2,NaFeO2,711343,4957257,6858.0,,,R-3m,Fe1 Na1 O2,ABC2,3,4,42.2599,-1.81111073025585,0.0009053199999982109,1.676,standard,static,"[[-1.511815, 2.618542, 0.0], [3.02363, 0.0, 0.0], [1.511815, -0.872847, -5.337532]]","[""Fe @ 0.5 0.5 0.5"", ""Na @ 0 0 0"", ""O @ 0.766 0.234 0.297"", ""O @ 0.234 0.766 0.703""]"
NaFeO2,NaFeO2,711342,4957536,711342.0,,,I41/amd,Fe1 Na1 O2,ABC2,3,8,83.7392,-1.51174590440229,0.30027014585355816,0.0,standard,static,"[[-4.363575, 0.0, 0.0], [0.0, -4.363575, 0.0], [2.181787, 2.181787, 4.397887]]","[""Fe @ 0 0 0"", ""Fe @ 0.25 0.75 0.5"", ""Na @ 0.5 0.5 0"", ""Na @ 0.75 0.25 0.5"", ""O @ 0.0284 0.528 0.0568"", ""O @ 0.222 0.222 0.443"", ""O @ 0.778 0.778 0.557"", ""O @ 0.472 0.972 0.943""]"
NaFeO2,NaFeO2,711344,4979175,711344.0,,,P1,Fe1 Na1 O2,ABC2,3,16,165.947,-1.73411514088085,0.07790090937499827,1.499,standard,static,"[[-4.269608, 0.006267, -2.986149], [4.406394, 0.00789, -3.290328], [-0.058908, -6.106612, 3.146106]]","[""Fe @ 0.0577 0.309 0.121"", ""Fe @ 0.683 0.434 0.37"", ""Fe @ 0.314 0.565 0.632"", ""Fe @ 0.941 0.689 0.88"", ""Na @ 0.57 0.818 0.139"", ""Na @ 0.193 0.942 0.385"", ""Na @ 0.807 0.0574 0.615"", ""Na @ 0.43 0.181 0.861"", ""O @ 0.834 0.539 0.123"", ""O @ 0.295 0.0869 0.126"", ""O @ 0.426 0.637 0.374"", ""O @ 0.947 0.237 0.374"", ""O @ 0.051 0.763 0.625"", ""O @ 0.574 0.363 0.626"", ""O @ 0.17 0.462 0.872"", ""O @ 0.708 0.916 0.876""]"
NaFeO2,NaFeO2,1387267,5760778,1387267.0,,,P63/mmc,Fe1 Na1 O2,ABC2,3,8,84.0532,-1.79463709525585,0.01737895499999831,1.692,standard,static,"[[3.005014166, 0.0, 0.0], [-1.502507083, 2.602418607, 0.0], [0.0, 0.0, 10.748075839]]","[""Fe @ 0 0 0"", ""Fe @ 0 0 0.5"", ""Na @ 0.333 0.667 0.25"", ""Na @ 0.667 0.333 0.75"", ""O @ 0.667 0.333 0.102"", ""O @ 0.667 0.333 0.398"", ""O @ 0.333 0.667 0.602"", ""O @ 0.333 0.667 0.898""]"
NaFeO2,NaFeO2,1384591,5763003,1384591.0,,,Imm2,Fe1 Na1 O2,ABC2,3,4,55.9548,-1.28861547275585,0.5234005774999981,1.126,standard,static,"[[-1.397318728, 2.524524825, 3.965539455], [1.397318728, -2.524524825, 3.965539455], [1.397318728, 2.524524825, -3.965539455]]","[""Fe @ 0.775 0.775 0"", ""Na @ 0.455 0.455 0"", ""O @ 0.5 0.241 0.259"", ""O @ 0.982 0.241 0.741""]"
NaFeO2,NaFeO2,1442009,5812116,6858.0,,,C2/m,Fe1 Na1 O2,ABC2,3,4,42.0869,-1.80855018275585,0.00346586749999811,1.699,standard,static,"[[2.640790244, -1.494935435, 0.0], [2.640790244, 1.494935435, 0.0], [-1.820325187, 0.0, 5.33041123]]","[""Fe @ 0 0 0"", ""Na @ 0.5 0.5 0.5"", ""O @ 0.735 0.735 0.205"", ""O @ 0.265 0.265 0.795""]"
NaFeO2,NaFeO2,1441740,5814910,1441740.0,,,Pmmn,Fe1 Na1 O2,ABC2,3,8,84.4301,-1.75154623525585,0.06046981499999826,1.196,standard,static,"[[2.949024529, 0.0, 0.0], [0.0, 4.439647129, 0.0], [0.0, 0.0, 6.448673015]]","[""Fe @ 0.5 0.5 0.127"", ""Fe @ 0 0 0.873"", ""Na @ 0 0 0.385"", ""Na @ 0.5 0.5 0.615"", ""O @ 0.5 0 0.0927"", ""O @ 0 0.5 0.328"", ""O @ 0.5 0 0.672"", ""O @ 0 0.5 0.907""]"
NaFeO2,NaFeO2,1443236,5815071,1387267.0,,,P63/mmc,Fe1 Na1 O2,ABC2,3,8,84.029,-1.79452450900585,0.0174915412499983,1.663,standard,static,"[[3.005253793, 0.0, 0.0], [-1.502626896, 2.60262613, 0.0], [0.0, 0.0, 10.743265539]]","[""Fe @ 0 0 0"", ""Fe @ 0 0 0.5"", ""Na @ 0.333 0.667 0.25"", ""Na @ 0.667 0.333 0.75"", ""O @ 0.667 0.333 0.102"", ""O @ 0.667 0.333 0.398"", ""O @ 0.333 0.667 0.602"", ""O @ 0.333 0.667 0.898""]"
NaFeO2,NaFeO2,2106763,6333902,6858.0,,,R-3m,Fe1 Na1 O2,ABC2,3,4,42.3439,-1.8120160502558482,0.0,1.6629999999999998,standard,static,"[[1.510252539, 0.87194471, 5.359207719], [-1.510252539, 0.87194471, 5.359207719], [0.0, -1.74388942, 5.359207719]]","[""Fe @ 0.5 0.5 0.5"", ""Na @ 0 0 0"", ""O @ 0.235 0.235 0.235"", ""O @ 0.765 0.765 0.765""]"
NaFeO2,NaFeO2,2106863,6333940,1387267.0,,,P63mc,Fe1 Na1 O2,ABC2,3,8,85.3351,-1.7811139802558484,0.03090206999999978,1.54,standard,static,"[[3.008824407, 0.0, 0.0], [-1.504412203, 2.605718372, 0.0], [0.0, 0.0, 10.884376047]]","[""Fe @ 0.667 0.333 0.000865"", ""Fe @ 0.333 0.667 0.501"", ""Na @ 0.667 0.333 0.256"", ""Na @ 0.333 0.667 0.756"", ""O @ 0.333 0.667 0.102"", ""O @ 0 0 0.4"", ""O @ 0.667 0.333 0.602"", ""O @ 0 0 0.9""]"
NaFeO2,NaFeO2,2110679,6335201,,,,R3m,Fe1 Na1 O2,ABC2,3,4,42.931,-1.7714634302558485,0.040552619999999706,1.6820000000000004,standard,static,"[[1.500458523, 0.866290132, 5.504682219], [-1.500458523, 0.866290132, 5.504682219], [0.0, -1.732580264, 5.504682219]]","[""Fe @ 0.998 0.998 0.998"", ""Na @ 0.168 0.168 0.168"", ""O @ 0.398 0.398 0.398"", ""O @ 0.597 0.597 0.597""]"
NaFeO2,NaFeO2,2110779,6335249,1387267.0,,,P63/mmc,Fe1 Na1 O2,ABC2,3,8,85.2346,-1.7991655852558486,0.012850464999999645,1.69,standard,static,"[[3.014713418, 0.0, 0.0], [-1.507356709, 2.610818405, 0.0], [0.0, 0.0, 10.829126219]]","[""Fe @ 0 0 0"", ""Fe @ 0 0 0.5"", ""Na @ 0.667 0.333 0.25"", ""Na @ 0.333 0.667 0.75"", ""O @ 0.333 0.667 0.101"", ""O @ 0.333 0.667 0.399"", ""O @ 0.667 0.333 0.601"", ""O @ 0.667 0.333 0.899""]"
SrTiO3,SrTiO3,4199,4070331,4199.0,23076.0,CaTiO3,Pm-3m,O3 Sr1 Ti1,ABC3,3,5,59.9366,-3.35096099028451,0.0030707909999945215,1.887,standard,static,"[[3.913489, 0.0, 0.0], [0.0, 3.913489, 0.0], [0.0, 0.0, 3.913489]]","[""O @ 0.5 0.5 0"", ""O @ 0.5 0 0.5"", ""O @ 0 0.5 0.5"", ""Sr @ 0 0 0"", ""Ti @ 0.5 0.5 0.5""]"
SrTiO3,SrTiO3,10213,4090095,22458.0,56718.0,Cr3AsN,I4/mcm,O3 Sr1 Ti1,ABC3,3,10,119.743,-3.3509864702845,0.0030453110000046024,1.87,standard,static,"[[-5.530785, 0.0, 0.0], [0.0, -5.530785, 0.0], [2.765392, 2.765392, 3.914493]]","[""O @ 0.259 0.241 0"", ""O @ 0.759 0.259 0"", ""O @ 0.241 0.741 0"", ""O @ 0.741 0.759 0"", ""O @ 0.25 0.25 0.5"", ""O @ 0.75 0.75 0.5"", ""Sr @ 0.75 0.25 0.5"", ""Sr @ 0.25 0.75 0.5"", ""Ti @ 0 0 0"", ""Ti @ 0.5 0.5 0""]"
SrTiO3,SrTiO3,22458,4090830,22458.0,182248.0,,Ima2,O3 Sr1 Ti1,ABC3,3,10,119.622,-3.3524676652845,0.0015641160000048338,2.021,standard,static,"[[0.0, 5.51867, 0.0], [0.0, 0.0, -5.519329], [-3.927278, -2.759335, 2.759665]]","[""O @ 0.5 0.254 0"", ""O @ 0 0.754 0"", ""O @ 0.525 0.228 0.5"", ""O @ 0.0255 0.279 0.5"", ""O @ 0.475 0.728 0.5"", ""O @ 0.975 0.779 0.5"", ""Sr @ 0 0.249 0"", ""Sr @ 0.5 0.749 0"", ""Ti @ 0.75 0.498 0.5"", ""Ti @ 0.25 0.998 0.5""]"
SrTiO3,SrTiO3,353479,4301415,4199.0,,CubicPerovskite_SrFeO3,Pm-3m,O3 Sr1 Ti1,ABC3,3,5,60.2183,-3.35266432028451,0.0013674609999947407,1.88,standard,static,"[[3.919609, 0.0, 0.0], [0.0, 3.919609, 0.0], [0.0, 0.0, 3.919609]]","[""O @ 0.5 0.5 0"", ""O @ 0.5 0 0.5"", ""O @ 0 0.5 0.5"", ""Sr @ 0 0 0"", ""Ti @ 0.5 0.5 0.5""]"
SrTiO3,SrTiO3,354429,4337214,354429.0,,CubicPerovskite_SrFeO3,Pm-3m,O3 Sr1 Ti1,ABC3,3,5,82.562,-0.610416572284505,2.7436152089999997,0.0,standard,static,"[[4.354385, 0.0, 0.0], [0.0, 4.354385, 0.0], [0.0, 0.0, 4.354385]]","[""O @ 0.5 0.5 0"", ""O @ 0.5 0 0.5"", ""O @ 0 0.5 0.5"", ""Sr @ 0.5 0.5 0.5"", ""Ti @ 0 0 0""]"
SrTiO3,SrTiO3,680438,4831884,680438.0,,TetraPerovskite_PbTiO3,P4mm,O3 Sr1 Ti1,ABC3,3,5,60.1405,-3.3512400222845,0.0027917590000048342,1.879,standard,static,"[[3.901799, 0.0, 0.0], [0.0, 3.901799, 0.0], [0.0, 0.0, 3.950366]]","[""O @ 0.5 0.5 0.0872"", ""O @ 0.5 0 0.589"", ""O @ 0 0.5 0.589"", ""Sr @ 0 0 0.068"", ""Ti @ 0.5 0.5 0.567""]"
SrTiO3,SrTiO3,680439,4833150,680439.0,,TetraPerovskite_PbTiO3,P4mm,O3 Sr1 Ti1,ABC3,3,5,70.2664,-2.31254402228451,1.0414877589999945,0.457,standard,static,"[[3.479998, 0.0, 0.0], [0.0, 3.479998, 0.0], [0.0, 0.0, 5.802157]]","[""O @ 0.5 0.5 0.084"", ""O @ 0.5 0 0.732"", ""O @ 0 0.5 0.732"", ""Sr @ 0.5 0.5 0.469"", ""Ti @ 0 0 0.883""]"
SrTiO3,SrTiO3,678821,4842768,678821.0,,Ilmenite_FeTiO3,R-3,O3 Sr1 Ti1,ABC3,3,10,132.145,-3.25997019928451,0.09406158199999481,3.556,standard,static,"[[-2.696852, 4.671085, 0.0], [2.696852, 4.671085, 0.0], [0.0, 3.114056, -5.245024]]","[""O @ 0.994 0.565 0.28"", ""O @ 0.161 0.994 0.28"", ""O @ 0.565 0.161 0.28"", ""O @ 0.435 0.839 0.72"", ""O @ 0.839 0.00553 0.72"", ""O @ 0.00553 0.435 0.72"", ""Sr @ 0.63 0.63 0.11"", ""Sr @ 0.37 0.37 0.89"", ""Ti @ 0.846 0.846 0.462"", ""Ti @ 0.154 0.154 0.538""]"
SrTiO3,SrTiO3,678822,4843032,678821.0,,Ilmenite_FeTiO3,R-3,O3 Sr1 Ti1,ABC3,3,10,132.193,-3.26009492928451,0.0939368519999948,3.56,standard,static,"[[-2.696619, 4.670681, 0.0], [2.696619, 4.670681, 0.0], [0.0, 3.113787, -5.247811]]","[""O @ 0.935 0.505 0.22"", ""O @ 0.339 0.935 0.22"", ""O @ 0.505 0.339 0.22"", ""O @ 0.495 0.661 0.78"", ""O @ 0.661 0.0647 0.78"", ""O @ 0.0647 0.495 0.78"", ""Sr @ 0.87 0.87 0.39"", ""Sr @ 0.13 0.13 0.61"", ""Ti @ 0.654 0.654 0.0375"", ""Ti @ 0.346 0.346 0.963""]"
SrTiO3,SrTiO3,682058,4852698,682058.0,,OrthoPerovskite_GdFeO3,Pnma,O3 Sr1 Ti1,ABC3,3,20,240.315,-3.35352478078451,0.0005070004999945255,2.024,standard,static,"[[5.548133, 0.0, 0.0], [0.0, 5.533099, 0.0], [0.0, 0.0, 7.828269]]","[""O @ 0.737 0.263 0.015"", ""O @ 0.763 0.763 0.015"", ""O @ 0.0293 0.498 0.25"", ""O @ 0.471 0.998 0.25"", ""O @ 0.737 0.263 0.485"", ""O @ 0.763 0.763 0.485"", ""O @ 0.237 0.237 0.515"", ""O @ 0.263 0.737 0.515"", ""O @ 0.529 0.00172 0.75"", ""O @ 0.971 0.502 0.75"", ""O @ 0.237 0.237 0.985"", ""O @ 0.263 0.737 0.985"", ""Sr @ 0.999 0.0061 0.25"", ""Sr @ 0.501 0.506 0.25"", ""Sr @ 0.499 0.494 0.75"", ""Sr @ 0.000957 0.994 0.75"", ""Ti @ 0.5 0 0"", ""Ti @ 0 0.5 0"", ""Ti @ 0.5 0 0.5"", ""Ti @ 0 0.5 0.5""]"
SrTiO3,SrTiO3,682059,4853145,682059.0,,OrthoPerovskite_GdFeO3,Pnma,O3 Sr1 Ti1,ABC3,3,20,305.403,-3.18212489478451,0.17190688649999464,2.843,standard,static,"[[5.607275, 0.0, 0.0], [0.0, 5.726053, 0.0], [0.0, 0.0, 9.511869]]","[""O @ 0.624 0.368 0.102"", ""O @ 0.876 0.868 0.102"", ""O @ 0.17 0.283 0.25"", ""O @ 0.33 0.783 0.25"", ""O @ 0.624 0.368 0.398"", ""O @ 0.876 0.868 0.398"", ""O @ 0.124 0.132 0.602"", ""O @ 0.376 0.632 0.602"", ""O @ 0.67 0.217 0.75"", ""O @ 0.83 0.717 0.75"", ""O @ 0.124 0.132 0.898"", ""O @ 0.376 0.632 0.898"", ""Sr @ 0.5 0 0"", ""Sr @ 0 0.5 0"", ""Sr @ 0.5 0 0.5"", ""Sr @ 0 0.5 0.5"", ""Ti @ 0.457 0.463 0.25"", ""Ti @ 0.0427 0.963 0.25"", ""Ti @ 0.957 0.0369 0.75"", ""Ti @ 0.543 0.537 0.75""]"
SrTiO3,SrTiO3,827052,5195235,827052.0,,RhombPerovskite_NdAlO3,R-3c,O3 Sr1 Ti1,ABC3,3,10,120.031,-3.35357291428451,0.00045886699999453384,2.009,standard,static,"[[2.770383, -1.599481, -4.51466], [-2.770383, -1.599481, -4.51466], [0.0, 3.198962, -4.51466]]","[""O @ 0.75 0.282 0.218"", ""O @ 0.718 0.782 0.25"", ""O @ 0.218 0.75 0.282"", ""O @ 0.782 0.25 0.718"", ""O @ 0.282 0.218 0.75"", ""O @ 0.25 0.718 0.782"", ""Sr @ 0.25 0.25 0.25"", ""Sr @ 0.75 0.75 0.75"", ""Ti @ 0 0 0"", ""Ti @ 0.5 0.5 0.5""]"
SrTiO3,SrTiO3,827178,5196174,827178.0,,RhombPerovskite_NdAlO3,R-3c,O3 Sr1 Ti1,ABC3,3,10,165.443,-2.94660707328451,0.4074247079999944,2.817,standard,static,"[[2.963069, -1.710729, -5.43969], [-2.963069, -1.710729, -5.43969], [0.0, 3.421458, -5.43969]]","[""O @ 0.75 0.447 0.0527"", ""O @ 0.553 0.947 0.25"", ""O @ 0.0527 0.75 0.447"", ""O @ 0.947 0.25 0.553"", ""O @ 0.447 0.0527 0.75"", ""O @ 0.25 0.553 0.947"", ""Sr @ 0 0 0"", ""Sr @ 0.5 0.5 0.5"", ""Ti @ 0.25 0.25 0.25"", ""Ti @ 0.75 0.75 0.75""]"
SrTiO3,SrTiO3,1289784,5644293,1289784.0,,,P63cm,O3 Sr1 Ti1,ABC3,3,30,416.868,-3.08475021795117,0.26928156333333453,1.3,standard,static,"[[3.096675, -5.363811, 0.0], [3.096675, 5.363811, 0.0], [0.0, 0.0, 12.548734]]","[""O @ 0 0 0.0149"", ""O @ 0.642 0 0.145"", ""O @ 0 0.642 0.145"", ""O @ 0.358 0.358 0.145"", ""O @ 0.692 0.692 0.352"", ""O @ 0.308 0 0.352"", ""O @ 0 0.308 0.352"", ""O @ 0.667 0.333 0.49"", ""O @ 0.333 0.667 0.49"", ""O @ 0 0 0.515"", ""O @ 0.358 0 0.645"", ""O @ 0 0.358 0.645"", ""O @ 0.642 0.642 0.645"", ""O @ 0.308 0.308 0.852"", ""O @ 0.692 0 0.852"", ""O @ 0 0.692 0.852"", ""O @ 0.667 0.333 0.99"", ""O @ 0.333 0.667 0.99"", ""Sr @ 0 0 0.227"", ""Sr @ 0.667 0.333 0.261"", ""Sr @ 0.333 0.667 0.261"", ""Sr @ 0 0 0.727"", ""Sr @ 0.667 0.333 0.761"", ""Sr @ 0.333 0.667 0.761"", ""Ti @ 0.333 0 0.499"", ""Ti @ 0 0.333 0.499"", ""Ti @ 0.667 0.667 0.499"", ""Ti @ 0.667 0 0.999"", ""Ti @ 0 0.667 0.999"", ""Ti @ 0.333 0.333 0.999""]"
SrTiO3,SrTiO3,1322862,5709724,1322862.0,,,Fd-3m,O3 Sr1 Ti1,ABC3,3,20,268.224,-2.99078645478451,0.36324532649999464,0.0,standard,static,"[[0.0, 5.118654238, 5.118654238], [5.118654238, 0.0, 5.118654238], [5.118654238, 5.118654238, 0.0]]","[""O @ 0.453 0.0474 0.0474"", ""O @ 0.0474 0.453 0.0474"", ""O @ 0.453 0.453 0.0474"", ""O @ 0.797 0.203 0.203"", ""O @ 0.203 0.797 0.203"", ""O @ 0.797 0.797 0.203"", ""O @ 0.0474 0.0474 0.453"", ""O @ 0.453 0.0474 0.453"", ""O @ 0.0474 0.453 0.453"", ""O @ 0.203 0.203 0.797"", ""O @ 0.797 0.203 0.797"", ""O @ 0.203 0.797 0.797"", ""Sr @ 0.625 0.625 0.125"", ""Sr @ 0.625 0.125 0.625"", ""Sr @ 0.125 0.625 0.625"", ""Sr @ 0.625 0.625 0.625"", ""Ti @ 0.125 0.125 0.125"", ""Ti @ 0.625 0.125 0.125"", ""Ti @ 0.125 0.625 0.125"", ""Ti @ 0.125 0.125 0.625""]"
SrTiO3,SrTiO3,1439828,5812402,1439828.0,,,R3m,O3 Sr1 Ti1,ABC3,3,5,60.1845,-3.3521294942845,0.001902287000004499,1.958,standard,static,"[[2.770479757, 1.599537233, 2.263518673], [-2.770479757, 1.599537233, 2.263518673], [0.0, -3.199074467, 2.263518673]]","[""O @ 0.991 0.489 0.489"", ""O @ 0.489 0.991 0.489"", ""O @ 0.489 0.489 0.991"", ""Sr @ 0.00124 0.00124 0.00124"", ""Ti @ 0.501 0.501 0.501""]"
SrTiO3,SrTiO3,1442733,5812824,680438.0,,,P4/mmm,O3 Sr1 Ti1,ABC3,3,5,60.2376,-3.3527483742845,0.0012834070000047326,1.959,standard,static,"[[3.922666435, 0.0, 0.0], [0.0, 3.922666435, 0.0], [0.0, 0.0, 3.914760143]]","[""O @ 0.5 0 0"", ""O @ 0 0.5 0"", ""O @ 0.5 0.5 0.5"", ""Sr @ 0 0 0.5"", ""Ti @ 0.5 0.5 0""]"
SrTiO3,SrTiO3,1444281,5813005,1444281.0,,,P4/mmm,O3 Sr1 Ti1,ABC3,3,5,75.9791,-1.5556085562845,1.7984232250000047,0.0,standard,static,"[[4.075946191, 0.0, 0.0], [0.0, 4.075946191, 0.0], [0.0, 0.0, 4.573382426]]","[""O @ 0 0 0.5"", ""O @ 0.5 0 0.5"", ""O @ 0 0.5 0.5"", ""Sr @ 0 0 0"", ""Ti @ 0.5 0.5 0.5""]"
SrTiO3,SrTiO3,1444285,5813008,1444285.0,,,Amm2,O3 Sr1 Ti1,ABC3,3,5,89.9179,-2.54096858828451,0.8130631929999947,0.0,standard,static,"[[3.469817085, 0.0, 0.0], [0.0, 4.154364561, 3.118926475], [0.0, -4.154364561, 3.118926475]]","[""O @ 0.5 0.763 0.0906"", ""O @ 0.5 0.4 0.4"", ""O @ 0.5 0.0906 0.763"", ""Sr @ 0 0.657 0.657"", ""Ti @ 0.5 0.109 0.109""]"
SrTiO3,SrTiO3,1440124,5815968,1440124.0,,,Cmcm,O3 Sr1 Ti1,ABC3,3,10,119.045,-3.2068494902845,0.14718229100000446,1.931,standard,static,"[[1.536300299, -5.154657805, 0.0], [1.536300299, 5.154657805, 0.0], [0.0, 0.0, 7.516347184]]","[""O @ 0.623 0.377 0.0466"", ""O @ 0.947 0.0531 0.25"", ""O @ 0.623 0.377 0.453"", ""O @ 0.377 0.623 0.547"", ""O @ 0.0531 0.947 0.75"", ""O @ 0.377 0.623 0.953"", ""Sr @ 0.258 0.742 0.25"", ""Sr @ 0.742 0.258 0.75"", ""Ti @ 0 0 0"", ""Ti @ 0 0 0.5""]"
SrTiO3,SrTiO3,1441928,5816309,827052.0,,,Imma,O3 Sr1 Ti1,ABC3,3,10,119.877,-3.3531806062845,0.0008511750000046447,1.937,standard,static,"[[-2.7647875, 3.902387502, 2.77768808], [2.7647875, -3.902387502, 2.77768808], [2.7647875, 3.902387502, -2.77768808]]","[""O @ 0.229 0.5 0.229"", ""O @ 0.29 0.0402 0.25"", ""O @ 0.771 0 0.271"", ""O @ 0.229 0 0.729"", ""O @ 0.71 0.96 0.75"", ""O @ 0.771 0.5 0.771"", ""Sr @ 0.751 0.501 0.25"", ""Sr @ 0.249 0.499 0.75"", ""Ti @ 0 0 0"", ""Ti @ 0.5 0 0.5""]"
SrTiO3,SrTiO3,1523713,5899130,1523713.0,,CaCO3(hR10),R-3c,O3 Sr1 Ti1,ABC3,3,10,163.304,-2.9404047892845058,0.41362699199999886,2.7520000000000002,standard,static,"[[2.935825723, 1.694999772, 5.469471771], [-2.935825723, 1.694999772, 5.469471771], [0.0, -3.389999543, 5.469471771]]","[""O @ 0.75 0.445 0.0549"", ""O @ 0.555 0.945 0.25"", ""O @ 0.0549 0.75 0.445"", ""O @ 0.945 0.25 0.555"", ""O @ 0.445 0.0549 0.75"", ""O @ 0.25 0.555 0.945"", ""Sr @ 0 0 0"", ""Sr @ 0.5 0.5 0.5"", ""Ti @ 0.25 0.25 0.25"", ""Ti @ 0.75 0.75 0.75""]"
SrTiO3,SrTiO3,1709856,6009171,680438.0,,,Cmmm,O3 Sr1 Ti1,ABC3,3,5,59.6612,-3.348895660284505,0.005136120999999605,1.8979999999999997,standard,static,"[[2.756721, -2.768825, 0.0], [2.756721, 2.768825, 0.0], [0.0, 0.0, 3.908174]]","[""O @ 0.5 0.5 0"", ""O @ 0.5 0 0.5"", ""O @ 0 0.5 0.5"", ""Sr @ 0 0 0"", ""Ti @ 0.5 0.5 0.5""]"
SrTiO3,SrTiO3,1712767,6013721,1712767.0,,,P4/mbm,O3 Sr1 Ti1,ABC3,3,10,120.116,-3.3519735432845055,0.0020582379999991574,1.8560000000000003,standard,static,"[[5.531514, 0.0, 0.0], [0.0, 3.925674, 0.0], [0.0, 0.0, 5.531514]]","[""O @ 0 0 0"", ""O @ 0.731 0.5 0.231"", ""O @ 0.231 0.5 0.269"", ""O @ 0.5 0 0.5"", ""O @ 0.769 0.5 0.731"", ""O @ 0.269 0.5 0.769"", ""Sr @ 0.5 0 0"", ""Sr @ 0 0 0.5"", ""Ti @ 0 0.5 0"", ""Ti @ 0.5 0.5 0.5""]"
SrTiO3,SrTiO3,1721290,6024051,22458.0,,,C2/m,O3 Sr1 Ti1,ABC3,3,10,120.031,-3.3538499472845045,0.00018183400000015837,2.0120000000000005,standard,static,"[[3.905401, -3.905685, 0.0], [3.905401, 3.905685, 0.0], [-3.904803, 0.0, 3.934612]]","[""O @ 0.777 0.223 0"", ""O @ 0.277 0.277 0"", ""O @ 0.723 0.723 0"", ""O @ 0.223 0.777 0"", ""O @ 0.75 0.25 0.5"", ""O @ 0.25 0.75 0.5"", ""Sr @ 0.75 0.75 0.5"", ""Sr @ 0.25 0.25 0.5"", ""Ti @ 0.5 0 0"", ""Ti @ 0 0.5 0""]"
SrTiO3,SrTiO3,1738629,6039807,,,,C2221,O3 Sr1 Ti1,ABC3,3,20,252.164,-3.2861828782845053,0.06784890299999935,2.2969999999999997,standard,static,"[[5.562586, 0.0, 0.0], [-2.756838, 4.831377, 0.0], [0.0, 0.0, 9.382847]]","[""O @ 0.177 0.823 0"", ""O @ 0.644 0.818 0.027"", ""O @ 0.937 0.431 0.223"", ""O @ 0.433 0.433 0.25"", ""O @ 0.431 0.937 0.277"", ""O @ 0.818 0.644 0.473"", ""O @ 0.823 0.177 0.5"", ""O @ 0.356 0.182 0.527"", ""O @ 0.0627 0.569 0.723"", ""O @ 0.567 0.567 0.75"", ""O @ 0.569 0.0627 0.777"", ""O @ 0.182 0.356 0.973"", ""Sr @ 0.658 0.342 0"", ""Sr @ 0.98 0.98 0.25"", ""Sr @ 0.342 0.658 0.5"", ""Sr @ 0.0196 0.0196 0.75"", ""Ti @ 0.32 0.656 0.14"", ""Ti @ 0.656 0.32 0.36"", ""Ti @ 0.68 0.344 0.64"", ""Ti @ 0.344 0.68 0.86""]"
SrTiO3,SrTiO3,1760041,6077892,1760041.0,,,P-1,O3 Sr1 Ti1,ABC3,3,20,274.923,-3.2613376737845057,0.09269410749999896,3.3320000000000003,standard,static,"[[6.224493, 0.0, 0.0], [-0.000209, 6.694482, 0.0], [-0.000842, -2.465184, 6.597665]]","[""O @ 0.227 0.913 0.0221"", ""O @ 0.0655 0.41 0.12"", ""O @ 0.421 0.655 0.184"", ""O @ 0.921 0.845 0.316"", ""O @ 0.565 0.0902 0.38"", ""O @ 0.727 0.587 0.478"", ""O @ 0.273 0.413 0.522"", ""O @ 0.435 0.91 0.62"", ""O @ 0.0787 0.155 0.684"", ""O @ 0.579 0.345 0.816"", ""O @ 0.935 0.59 0.88"", ""O @ 0.773 0.0866 0.978"", ""Sr @ 0.425 0.272 0.149"", ""Sr @ 0.925 0.228 0.351"", ""Sr @ 0.0749 0.772 0.649"", ""Sr @ 0.575 0.728 0.851"", ""Ti @ 0.109 0.708 0.111"", ""Ti @ 0.609 0.792 0.389"", ""Ti @ 0.391 0.208 0.611"", ""Ti @ 0.891 0.292 0.889""]"
SrTiO3,SrTiO3,1856907,6156691,1856907.0,,,P21/m,O3 Sr1 Ti1,ABC3,3,10,154.075,-3.308790893284505,0.04524088799999948,3.6209999999999996,standard,static,"[[5.885144085, 0.0, 0.0], [0.0, 3.977595028, 0.0], [-2.363902125, 0.0, 6.581934887]]","[""O @ 0.714 0.25 0.128"", ""O @ 0.299 0.25 0.317"", ""O @ 0.978 0.75 0.381"", ""O @ 0.0221 0.25 0.619"", ""O @ 0.701 0.75 0.683"", ""O @ 0.286 0.75 0.872"", ""Sr @ 0.492 0.75 0.233"", ""Sr @ 0.508 0.25 0.767"", ""Ti @ 0.000923 0.25 0.334"", ""Ti @ 0.999 0.75 0.666""]"
SrTiO3,SrTiO3,1857358,6156853,22458.0,,,I4/mmm,O3 Sr1 Ti1,ABC3,3,10,119.222,-3.348470817284505,0.005560963999999835,1.854,standard,static,"[[-2.760610945, 2.760610945, 3.910995153], [2.760610945, -2.760610945, 3.910995153], [2.760610945, 2.760610945, -3.910995153]]","[""O @ 0.25 0.25 0"", ""O @ 0.75 0.25 0"", ""O @ 0.25 0.75 0"", ""O @ 0.75 0.75 0"", ""O @ 0.75 0.75 0.5"", ""O @ 0.25 0.25 0.5"", ""Sr @ 0.75 0.25 0.5"", ""Sr @ 0.25 0.75 0.5"", ""Ti @ 0 0 0"", ""Ti @ 0.5 0.5 0""]"
SrTiO3,SrTiO3,1867237,6157247,22458.0,,,I4/m,O3 Sr1 Ti1,ABC3,3,10,119.435,-3.3496011262845045,0.004430655000000172,1.8539999999999996,standard,static,"[[-2.762538216, 2.762538216, 3.912504203], [2.762538216, -2.762538216, 3.912504203], [2.762538216, 2.762538216, -3.912504203]]","[""O @ 0.25 0.25 0"", ""O @ 0.75 0.75 0"", ""O @ 0.756 0.256 0.0124"", ""O @ 0.744 0.756 0.5"", ""O @ 0.256 0.244 0.5"", ""O @ 0.244 0.744 0.988"", ""Sr @ 0.75 0.25 0.5"", ""Sr @ 0.25 0.75 0.5"", ""Ti @ 0 0 0"", ""Ti @ 0.5 0.5 0""]"
SrTiO3,SrTiO3,1880344,6166432,827052.0,,,R-3,O3 Sr1 Ti1,ABC3,3,10,120.18,-3.3540317812845046,0.0,2.002,standard,static,"[[2.772656749, 1.600794121, 4.512851846], [-2.772656749, 1.600794121, 4.512851846], [0.0, -3.201588241, 4.512851846]]","[""O @ 0.75 0.279 0.221"", ""O @ 0.721 0.779 0.25"", ""O @ 0.221 0.75 0.279"", ""O @ 0.779 0.25 0.721"", ""O @ 0.279 0.221 0.75"", ""O @ 0.25 0.721 0.779"", ""Sr @ 0.25 0.25 0.25"", ""Sr @ 0.75 0.75 0.75"", ""Ti @ 0 0 0"", ""Ti @ 0.5 0.5 0.5""]"
SrTiO3,SrTiO3,1880762,6167273,682058.0,,,P21/m,O3 Sr1 Ti1,ABC3,3,20,240.296,-3.3533808417845052,0.0006509394999993923,1.9530000000000003,standard,static,"[[5.527891641, 0.0, 0.0], [0.0, 7.836542704, 0.0], [-0.000115566, 0.0, 5.547059868]]","[""O @ 0.501 0.25 0.0285"", ""O @ 0.765 0.515 0.235"", ""O @ 0.765 0.985 0.235"", ""O @ 0.265 0.514 0.265"", ""O @ 0.265 0.986 0.265"", ""O @ 0.0011 0.25 0.471"", ""O @ 0.999 0.75 0.529"", ""O @ 0.735 0.0143 0.735"", ""O @ 0.735 0.486 0.735"", ""O @ 0.235 0.0145 0.765"", ""O @ 0.235 0.485 0.765"", ""O @ 0.499 0.75 0.971"", ""Sr @ 0.00708 0.75 0.00044"", ""Sr @ 0.507 0.75 0.5"", ""Sr @ 0.493 0.25 0.5"", ""Sr @ 0.993 0.25 1"", ""Ti @ 0.5 0 0"", ""Ti @ 0.5 0.5 0"", ""Ti @ 0 0 0.5"", ""Ti @ 0 0.5 0.5""]"
SrTiO3,SrTiO3,1880973,6167298,682058.0,,,Cmcm,O3 Sr1 Ti1,ABC3,3,20,240.439,-3.3535320107845052,0.0004997704999993857,1.8040000000000003,standard,static,"[[3.911243331, -3.921092098, 0.0], [3.911243331, 3.921092098, 0.0], [0.0, 0.0, 7.838867286]]","[""O @ 0.264 0.264 0"", ""O @ 0.736 0.736 0"", ""O @ 0.763 0.237 0.0185"", ""O @ 0.018 0.519 0.25"", ""O @ 0.481 0.982 0.25"", ""O @ 0.763 0.237 0.481"", ""O @ 0.264 0.264 0.5"", ""O @ 0.736 0.736 0.5"", ""O @ 0.237 0.763 0.519"", ""O @ 0.519 0.018 0.75"", ""O @ 0.982 0.481 0.75"", ""O @ 0.237 0.763 0.981"", ""Sr @ 0.502 0.498 0.25"", ""Sr @ 0.00236 0.998 0.25"", ""Sr @ 0.998 0.00236 0.75"", ""Sr @ 0.498 0.502 0.75"", ""Ti @ 0.5 0 0"", ""Ti @ 0 0.5 0"", ""Ti @ 0.5 0 0.5"", ""Ti @ 0 0.5 0.5""]"
SrTiO3,SrTiO3,2013287,6224157,1439828.0,135188.0,Perovskite#CaTiO3,Pm-3m,O3 Sr1 Ti1,ABC3,3,5,59.9479,-3.351072222284505,0.0029595589999997785,1.858,standard,static,"[[3.913733732, 0.0, 0.0], [0.0, 3.913733732, 0.0], [0.0, 0.0, 3.913733732]]","[""O @ 0.5 0.5 0"", ""O @ 0.5 0 0.5"", ""O @ 0 0.5 0.5"", ""Sr @ 0 0 0"", ""Ti @ 0.5 0.5 0.5""]"
SrTiO3,SrTiO3,2023343,6236282,827052.0,290619.0,Perovskite#SrZrO3,I4/mcm,O3 Sr1 Ti1,ABC3,3,10,119.039,-3.3498120362845056,0.004219744999998998,1.9419999999999997,standard,static,"[[-2.759140486, 2.759140486, 3.909129305], [2.759140486, -2.759140486, 3.909129305], [2.759140486, 2.759140486, -3.909129305]]","[""O @ 0.25 0.25 0"", ""O @ 0.75 0.75 0"", ""O @ 0.77 0.27 0.0404"", ""O @ 0.27 0.23 0.5"", ""O @ 0.73 0.77 0.5"", ""O @ 0.23 0.73 0.96"", ""Sr @ 0.75 0.25 0.5"", ""Sr @ 0.25 0.75 0.5"", ""Ti @ 0 0 0"", ""Ti @ 0.5 0.5 0""]"
SrTiO3,SrTiO3,2036578,6236938,2036578.0,683421.0,,Cmcm,O3 Sr1 Ti1,ABC3,3,10,127.338,-2.9311655632845044,0.42286621800000024,0.0,standard,static,"[[1.588773731, -6.527873953, 0.0], [1.588773731, 6.527873953, 0.0], [0.0, 0.0, 6.13893313]]","[""O @ 0.641 0.359 0.00501"", ""O @ 0.994 0.00609 0.25"", ""O @ 0.641 0.359 0.495"", ""O @ 0.359 0.641 0.505"", ""O @ 0.00609 0.994 0.75"", ""O @ 0.359 0.641 0.995"", ""Sr @ 0.789 0.211 0.25"", ""Sr @ 0.211 0.789 0.75"", ""Ti @ 0.5 0.5 0"", ""Ti @ 0.5 0.5 0.5""]"
SrTiO3,SrTiO3,2172311,6399404,1439828.0,,,R3m,O3 Sr1 Ti1,ABC3,3,5,60.2986,-3.3528047182845055,0.0012270629999990845,2.1519999999999997,standard,static,"[[2.771586315, 1.600176105, 2.2660013], [-2.771586315, 1.600176105, 2.2660013], [0.0, -3.20035221, 2.2660013]]","[""O @ 0.511 0.511 0.00897"", ""O @ 0.511 0.00897 0.511"", ""O @ 0.00897 0.511 0.511"", ""Sr @ 0.999 0.999 0.999"", ""Ti @ 0.5 0.5 0.5""]"
SrTiO3,SrTiO3,2175891,6402986,354429.0,,Sr4Sc2SbO12,Pm-3m,O3 Sr1 Ti1,ABC3,3,5,81.1931,-0.5769876262845053,2.7770441549999996,0.0,standard,static,"[[4.330184006, 0.0, 0.0], [0.0, 4.330184006, 0.0], [0.0, 0.0, 4.330184006]]","[""O @ 0.5 0 0"", ""O @ 0 0.5 0"", ""O @ 0 0 0.5"", ""Sr @ 0 0 0"", ""Ti @ 0.5 0.5 0.5""]"
